{"A": 202.0990875942318, "gamma": 0.0008806128347036559, "w": 3.092942833593887, "phi": -1.3491829920757867, "C": 246.04498915345314}