{"A": 165.15532271780546, "gamma": 0.0006453781026425811, "w": 3.0931555597552483, "phi": 0.005791054621064488, "C": 241.84233757715887}