{"A": 176.8609817127091, "gamma": 0.046481806717818465, "f": -0.4609199661819411, "phi": 25.12424740666358, "C": 240.22837106673984}