{"A": 184.9222591138177, "gamma": 0.04928915972977216, "f": 0.45710783901990565, "phi": 31.568961027332776, "C": 236.5641894599782}